0,A,2022-02-20 0:01
0,B,2022-02-20 0:45
0,C,2022-03-04 5:47
0,D,2022-03-04 7:20
0,E,2022-03-04 7:40
0,F,2022-03-04 8:10
0,G,2022-03-04 9:20
0,H,2022-03-04 9:55
0,I,2022-03-04 12:48
0,J,2022-03-04 15:20
0,K,2022-03-04 21:22
0,L,2022-03-05 11:30
0,M,2022-03-09 13:45
0,N,2022-03-21 16:21
0,O,2022-04-01 15:48
0,P,2022-04-02 15:48
0,Q,2022-04-02 15:52
0,R,2022-04-02 16:45
0,S,2022-04-02 14:38
0,T,2022-04-03 11:27
0,U,2022-04-03 18:44
0,V,2022-04-04 11:48
0,W,2022-04-04 15:36
0,X,2022-04-04 22:44
0,Y,2022-04-05 6:44
0,Z,2022-04-05 13:21
0,a,2022-04-06 21:59
0,b,2022-04-07 1:34
0,c,2022-04-07 7:34
0,d,2022-04-07 17:45
0,e,2022-04-08 3:44
0,f,2022-04-08 12:18
0,g,2022-04-08 20:49
0,h,2022-04-09 6:51
0,i,2022-04-09 17:40
0,j,2022-04-09 23:57
0,k,2022-04-10 12:45
0,l,2022-04-11 17:54
0,m,2022-04-11 21:34
0,n,2022-04-12 14:31
0,o,2022-04-12 22:54
0,p,2022-04-13 2:30
0,q,2022-04-13 15:41
0,r,2022-04-13 23:18
0,s,2022-04-14 14:54
0,t,2022-04-15 7:03
0,u,2022-04-15 22:41
0,v,2022-04-16 13:31
0,w,2022-04-16 22:41
0,x,2022-04-17 14:30
0,y,2022-04-17 19:59
0,z,2022-04-18 13:09
